id,campo,valor_antigo,valor_novo,motivo,confianca,acao_sugerida,aprovado
p1,kind,prestador,utilidade_publica,Padrão de utilidade pública: \bsenador(a)?\b,alta,set_kind,
p1,displayName,SENADOR FULANO DE TAL,Senador Fulano de Tal,Normalização Title Case (siglas/preposições),alta,set_display_name,
p1,slug,senador-fulano,senador-fulano-de-tal,Slug alinhado ao displayName,media,set_display_name,
p2,kind,prestador,utilidade_publica,Padrão de utilidade pública: \bouvidoria\b,alta,set_kind,
p2,displayName,OUVIDORIA DA LIGHT,Ouvidoria da Light,Normalização Title Case (siglas/preposições),alta,set_display_name,
p2,slug,ouvidoria-light,ouvidoria-da-light,Slug alinhado ao displayName,media,set_display_name,
p2,whatsapp,21987654321,5521987654321,Normalização E.164 BR,alta,set_whatsapp_e164,
p3,kind,prestador,utilidade_publica,Padrão de utilidade pública: \bvereador(a)?\b,alta,set_kind,
p3,displayName,VEREADOR JOÃO DA SILVA,Vereador João da Silva,Normalização Title Case (siglas/preposições),alta,set_display_name,
p3,slug,vereador-joao,vereador-joao-da-silva,Slug alinhado ao displayName,media,set_display_name,
p3,whatsapp,61998887766,5561998887766,Normalização E.164 BR,alta,set_whatsapp_e164,
p3,state,RJ,DF,Cidade Brasília incompatível com UF RJ,media,needs_review,
p4,needsReview,false,true,"Nome parece prestador, mas está na categoria de órgãos públicos",media,needs_review,
p4,displayName,ELETRICISTA EQUIPE 1000 - RUA DAS FLORES 100 - TIJUCA,Eletricista Equipe 1000,Title Case após extrair endereço do nome,alta,set_display_name,
p4,address,,Rua das Flores 100,Endereço extraído do nome,alta,set_address,
p4,neighborhood,,Tijuca,Bairro extraído do nome,alta,set_neighborhood,
p4,whatsapp,21999887766,5521999887766,Normalização E.164 BR,alta,set_whatsapp_e164,
p5,displayName,CLEANMASTER HIGIENIZACAO E LIMPEZA LTDA,Cleanmaster Higienizacao e Limpeza LTDA,Normalização Title Case (siglas/preposições),alta,set_display_name,
p5,slug,cleanmaster,cleanmaster-higienizacao-e-limpeza-ltda,Slug alinhado ao displayName,media,set_display_name,
p5,whatsapp,21988776655,5521988776655,Normalização E.164 BR,alta,set_whatsapp_e164,
p6,displayName,adv cftv e alarmes me - rua x 50 - barra da tijuca,ADV CFTV e Alarmes ME,Title Case após extrair endereço do nome,alta,set_display_name,
p6,slug,adv-cftv,adv-cftv-e-alarmes-me,Slug alinhado ao displayName,media,set_display_name,
p6,address,,Rua X 50,Endereço extraído do nome,alta,set_address,
p6,neighborhood,,Barra da Tijuca,Bairro extraído do nome,alta,set_neighborhood,
p6,whatsapp,21977665544,5521977665544,Normalização E.164 BR,alta,set_whatsapp_e164,
p7,kind,prestador,utilidade_publica,Padrão de utilidade pública: \bprefeitura\b,alta,set_kind,
p7,displayName,PREFEITURA DO RIO - SECRETARIA DE CONSERVAÇÃO,Prefeitura do Rio,Title Case após extrair endereço do nome,alta,set_display_name,
p7,slug,prefeitura-conservacao,prefeitura-do-rio,Slug alinhado ao displayName,media,set_display_name,
p7,neighborhood,,Secretaria de Conservação,Bairro extraído do nome,media,set_neighborhood,
p8,displayName,SOS DESENTUPIDORA ÁGUA LIMPA,SOS Desentupidora Água Limpa,Normalização Title Case (siglas/preposições),alta,set_display_name,
p8,slug,sos-desentupidora,sos-desentupidora-agua-limpa,Slug alinhado ao displayName,media,set_display_name,
p8,whatsapp,21 98888-7777,5521988887777,Normalização E.164 BR,alta,set_whatsapp_e164,
p9,displayName,DUPLICADO MESMO WHATS,Duplicado Mesmo Whats,Normalização Title Case (siglas/preposições),alta,set_display_name,
p9,slug,duplicado-a,duplicado-mesmo-whats,Slug alinhado ao displayName,media,set_display_name,
p9,whatsapp,21999887766,5521999887766,Normalização E.164 BR,alta,set_whatsapp_e164,
p10,displayName,telefone invalido ltda,Telefone Invalido LTDA,Normalização Title Case (siglas/preposições),alta,set_display_name,
p10,slug,tel-invalido,telefone-invalido-ltda,Slug alinhado ao displayName,media,set_display_name,
p10,whatsapp,123,,Telefone inválido: Telefone deve ter 10 ou 11 dígitos (DDD + número) ou E.164 BR (55...).,alta,needs_review,
p10,phone,123,,Telefone inválido: Telefone deve ter 10 ou 11 dígitos (DDD + número) ou E.164 BR (55...).,alta,needs_review,
p4,duplicate_phone,5521999887766,p4|p9,Duplicado por telefone E.164 (2 registros),alta,flag_duplicate,
p9,duplicate_phone,5521999887766,p4|p9,Duplicado por telefone E.164 (2 registros),alta,flag_duplicate,
